"Status","Start Time","Stop Time","Duration in ms","Parent Suite","Suite","Sub Suite","Test Class","Test Method","Name","Description"
"passed","Tue Aug 24 09:17:11 GMT 2021","Tue Aug 24 09:17:21 GMT 2021","9861","tests","data_test","","","","test_filled_data",""
"passed","Tue Aug 24 09:17:47 GMT 2021","Tue Aug 24 09:17:55 GMT 2021","7863","tests","follow_test","","","","test_follow",""
"passed","Tue Aug 24 09:18:16 GMT 2021","Tue Aug 24 09:18:33 GMT 2021","17601","tests","register_test","","","","test_register",""
"passed","Tue Aug 24 09:17:58 GMT 2021","Tue Aug 24 09:18:02 GMT 2021","3486","tests","logout_test","","","","test_sign_in",""
"passed","Tue Aug 24 09:17:55 GMT 2021","Tue Aug 24 09:17:58 GMT 2021","3413","tests","login_test","","","","test_sign_in",""
"broken","Tue Aug 24 09:18:02 GMT 2021","Tue Aug 24 09:18:16 GMT 2021","14050","tests","post_test","","","","test_comment",""
"passed","Tue Aug 24 09:17:03 GMT 2021","Tue Aug 24 09:17:11 GMT 2021","8805","tests","cookie_test","","","","test_cookie",""
"passed","Tue Aug 24 09:17:39 GMT 2021","Tue Aug 24 09:17:47 GMT 2021","7698","tests","edit_test","","","","test_edit_blog",""
"broken","Tue Aug 24 09:16:55 GMT 2021","Tue Aug 24 09:17:02 GMT 2021","7697","tests","blog_test","","","","test_newblog",""
"passed","Tue Aug 24 09:17:21 GMT 2021","Tue Aug 24 09:17:39 GMT 2021","18091","tests","delete_post_test","","","","test_delete",""
